"SECCIO_CENSAL","HOMES","DONES","EDAT_0_A_14","EDAT_15_A_24","EDAT_25_A_64","EDAT_65_A_MES","NACIONALS","COMUNITARIS","ESTRANGERS"
1001,703,576,136,112,819,212,705,152,422
1002,905,687,163,204,1001,224,697,196,699
1003,1916,1575,746,360,1970,415,1911,231,1349
1004,1606,1320,392,320,1915,299,1613,326,987
1005,1406,1123,284,251,1637,357,1305,322,902
1006,926,733,158,179,1114,208,752,259,648
1007,1280,827,271,205,1487,144,979,206,922
1008,2035,1326,455,375,2135,396,1454,262,1645
1009,1199,972,289,238,1359,285,1101,176,894
1010,1433,1075,351,303,1622,232,1034,189,1285
1011,1840,1418,483,335,2155,285,1419,258,1581
1012,999,927,255,177,1257,237,1060,173,693
1013,698,742,188,105,906,241,866,104,470
1014,1077,954,226,187,1386,232,1119,156,756
1015,1248,1128,292,233,1570,281,1184,204,988
1016,1141,1076,286,218,1487,226,1066,167,984
1017,1325,1302,361,271,1745,250,1252,229,1146
1018,852,796,191,167,1058,232,889,148,611
1019,1544,1337,318,301,1937,325,1345,344,1192
1020,1009,1128,166,176,1423,372,1321,410,406
1021,1032,1021,156,169,1407,321,1197,343,513
1022,593,680,98,118,845,212,777,262,234
1023,959,1016,162,172,1335,306,1252,327,396
1025,651,626,102,101,902,172,702,288,287
1026,1634,1124,267,284,1936,271,1313,506,939
1027,834,829,122,159,1122,260,922,379,362
1028,911,958,166,168,1306,229,993,415,461
1029,728,697,86,135,1023,181,649,415,361
1030,1305,1224,218,258,1617,436,1416,511,602
1031,923,716,139,147,1167,186,755,378,506
1032,898,893,108,129,1199,355,1104,380,307
1033,608,533,86,96,775,184,712,183,246
1034,469,494,65,94,624,180,612,187,164
1035,667,673,91,103,913,233,789,279,272
1036,581,639,111,153,718,238,943,110,167
1037,713,788,175,131,901,294,1123,166,212
1038,811,706,110,126,1076,205,829,322,366
1039,672,636,116,122,822,248,903,181,224
1040,548,555,100,85,714,204,662,232,209
1041,788,744,120,120,1139,153,799,385,348
1042,828,985,185,144,970,514,1446,169,198
1043,796,772,163,102,1103,200,1002,323,243
1044,720,803,172,110,1036,205,928,335,260
1045,1027,964,132,134,1443,282,1110,508,373
1046,898,886,139,139,1277,229,958,424,402
1047,891,934,138,162,1251,274,1002,385,438
1048,1078,1103,230,166,1497,288,1283,381,517
1049,741,804,199,159,969,218,893,296,356
1050,824,805,161,137,1103,228,918,298,413
1051,925,968,209,174,1338,172,985,362,546
1052,1427,1222,271,471,1574,333,1413,521,715
1053,928,993,163,157,1241,360,1235,326,360
1054,685,661,112,110,929,195,777,262,307
1055,634,688,156,95,738,333,1000,180,142
2001,623,679,195,102,776,229,949,109,244
2002,1244,1127,266,176,1443,486,1609,221,541
2003,569,742,118,192,650,351,1045,90,176
2004,745,766,176,136,891,308,1095,158,258
2005,957,1130,252,167,1163,505,1735,117,235
2006,784,863,206,121,942,378,1280,161,206
2007,561,717,126,97,723,332,1015,133,130
2008,860,1029,212,185,1078,414,1526,173,190
2009,816,975,223,147,1060,361,1395,140,256
2010,552,650,146,101,705,250,982,100,120
2011,533,572,113,119,618,255,971,68,66
2012,763,826,170,143,971,305,1231,115,243
2013,558,595,136,92,729,196,882,123,148
2014,680,677,176,101,869,211,967,181,209
2015,759,819,163,135,953,327,1183,157,238
2016,873,1049,202,144,1155,421,1567,149,206
2017,942,1070,256,198,1167,391,1559,192,261
2018,879,1002,234,155,999,493,1562,126,193
2019,909,1032,212,163,1130,436,1556,124,261
2020,637,769,138,120,893,255,1057,136,213
2021,682,798,133,111,876,360,1169,138,173
2022,622,665,142,130,741,274,1033,59,195
2023,524,604,95,105,665,263,969,51,108
2024,494,600,86,107,679,222,843,62,189
2025,559,646,123,96,702,284,956,94,155
2026,1007,1158,253,192,1254,466,1728,134,303
2027,896,1059,205,143,1150,457,1654,97,204
2028,956,1115,212,197,1223,439,1657,117,297
2029,549,640,137,92,698,262,981,83,125
2030,620,711,179,101,793,258,1043,72,216
2031,508,562,138,69,584,279,942,35,93
2032,501,723,125,77,649,373,1059,73,92
2033,541,634,129,81,684,281,971,81,123
2034,568,660,105,107,747,269,892,70,266
2035,623,705,123,111,726,368,1099,69,160
2036,541,662,134,123,687,259,1021,65,117
2037,590,643,131,117,728,257,1085,61,87
2038,765,864,159,200,993,277,1410,82,137
2039,754,978,185,138,1017,392,1413,101,218
2040,777,887,172,110,1064,318,1220,129,315
2041,760,925,153,118,967,447,1394,94,197
2042,768,908,161,134,911,470,1503,53,120
2043,667,780,174,142,843,288,1243,59,145
2044,547,717,124,119,694,327,997,57,210
2045,544,634,131,96,651,300,980,62,136
2046,864,1018,207,184,1066,425,1524,101,257
2047,896,1013,190,163,1087,469,1551,99,259
2048,576,689,137,122,752,254,971,71,223
2049,952,1148,178,150,1283,489,1514,188,398
2050,733,901,150,126,1023,335,1250,136,248
2051,854,1056,182,140,1182,406,1394,171,345
2052,823,1000,197,151,1118,357,1409,164,250
2053,861,999,229,154,1106,371,1488,136,236
2054,862,1034,228,148,1096,424,1518,136,242
2055,882,1014,194,170,1110,422,1521,128,247
2056,627,839,160,114,855,337,1161,156,149
2057,618,705,196,107,696,324,1101,126,96
2058,623,768,173,105,761,352,1205,93,93
2059,755,922,209,135,966,367,1372,167,138
2060,792,933,236,139,952,398,1417,130,178
2061,596,737,133,98,840,262,1026,131,176
2062,726,842,214,112,949,293,1238,181,149
2063,474,746,138,109,579,394,1026,109,85
2064,626,712,163,113,758,304,1086,127,125
2065,901,1024,225,173,1188,339,1485,227,213
2066,836,963,181,144,1021,453,1529,111,159
2067,805,925,198,113,1149,270,1256,216,258
2068,771,902,195,136,1012,330,1288,181,204
2069,664,755,186,129,804,300,1116,144,159
2070,627,717,183,119,767,275,1094,127,123
2071,812,888,225,182,986,307,1415,167,118
2072,594,642,159,131,704,242,1039,109,88
2073,809,909,216,175,1017,310,1311,260,147
2074,636,638,184,106,752,232,916,196,162
2075,586,641,145,122,728,232,925,181,121
2076,805,884,242,165,979,303,1278,215,196
2077,776,760,153,153,933,297,1053,203,280
2078,666,796,150,146,833,333,1057,163,242
2079,625,699,157,119,734,314,987,157,180
2080,695,775,178,137,805,350,1174,163,133
2081,981,1163,214,210,1191,529,1659,224,261
2082,434,526,97,84,532,247,754,97,109
2083,860,1037,252,194,1037,414,1408,208,281
2084,912,1126,250,171,1202,415,1615,191,232
2085,668,820,191,119,875,303,1160,162,166
2086,677,809,208,141,877,260,1185,162,139
2087,652,801,178,115,852,308,1198,100,155
2088,739,889,185,138,951,354,1312,167,149
2089,911,1023,211,172,1207,344,1482,231,221
2090,797,899,178,140,1042,336,1244,192,260
2091,905,933,180,159,1170,329,1336,221,281
2092,1076,953,138,177,1356,358,1305,251,473
2093,781,843,163,162,944,355,1266,155,203
2094,677,754,111,116,868,336,1153,112,166
2095,731,806,148,131,927,331,1188,117,232
2096,676,744,108,117,865,330,1092,146,182
2097,526,606,136,96,688,212,841,105,186
2098,697,859,136,135,976,309,1173,146,237
2099,730,824,158,159,906,331,1239,111,204
2100,671,760,138,117,865,311,1174,94,163
2101,995,1184,248,175,1224,532,1729,155,295
2102,629,796,175,145,755,350,1242,50,133
2103,798,917,159,146,1028,382,1330,112,273
2104,521,639,138,77,661,284,1002,55,103
2105,949,1153,227,165,1256,454,1654,153,295
2106,701,751,201,93,832,326,1184,91,177
2107,739,895,213,133,859,429,1433,101,100
2108,712,927,213,126,844,456,1432,75,132
2109,921,1121,242,193,1069,538,1772,111,159
2110,921,1021,248,176,1139,379,1515,132,295
2111,798,985,189,147,1041,406,1432,108,243
2112,629,756,149,111,726,399,1218,71,96
2113,1022,1145,280,161,1153,573,1840,92,235
2114,758,934,190,127,885,490,1415,73,204
2115,623,744,178,98,750,341,1107,84,176
2116,492,576,139,97,600,232,950,35,83
2117,555,659,131,78,652,353,1041,63,110
2118,687,827,181,148,878,307,1256,85,173
2119,592,721,146,104,737,326,1127,58,128
2120,562,639,121,100,686,294,1043,65,93
2121,568,674,145,93,712,292,1071,64,107
2122,492,617,101,98,643,267,949,65,95
2123,555,605,114,76,726,244,922,82,156
2124,507,580,104,102,575,306,985,36,66
2125,772,956,195,139,923,471,1495,74,159
2126,670,818,154,134,839,361,1309,65,114
2127,573,628,129,87,732,253,957,80,164
2128,618,713,127,111,796,297,1039,75,217
2129,707,837,132,120,919,373,1254,72,218
2130,535,587,114,105,593,310,1023,28,71
2131,599,671,119,103,747,301,997,83,190
2132,551,626,106,93,706,272,956,58,163
2133,396,487,81,57,397,348,788,23,72
2134,666,763,122,115,834,358,1199,92,138
2135,996,1135,220,160,1340,411,1692,140,299
2136,410,485,80,71,523,221,769,34,92
2137,681,789,166,131,881,292,1121,112,237
2138,938,1011,217,166,1052,514,1643,101,205
2139,772,889,160,136,1043,322,1245,124,292
2140,905,1033,189,182,1143,424,1602,114,222
2141,592,683,138,110,759,268,999,76,200
2142,969,1085,223,180,1242,409,1569,138,347
2143,655,649,134,100,782,288,983,121,200
2144,707,813,145,156,918,301,1175,149,196
2145,641,675,134,139,805,238,995,106,215
2146,542,623,103,90,702,270,943,80,142
2147,1001,1175,232,191,1315,438,1731,158,287
2148,737,866,155,128,956,364,1306,118,179
2149,878,972,217,156,1135,342,1417,146,287
2150,730,780,147,168,886,309,1140,122,248
2151,698,784,142,124,922,294,1148,148,186
2152,553,692,121,88,663,373,1062,74,109
2153,620,738,143,114,698,403,1150,56,152
2154,515,578,95,94,691,213,725,97,271
2155,860,1016,195,153,1045,483,1527,117,232
2156,606,678,107,94,693,390,1064,74,146
2157,560,657,151,89,660,317,969,79,169
2158,766,870,174,116,896,450,1367,99,170
2159,898,970,199,165,1130,374,1473,131,264
2160,983,1067,219,151,1234,446,1671,155,224
2161,541,578,120,89,667,243,897,92,130
2162,658,716,129,123,787,335,1077,91,206
2163,871,979,176,161,1106,407,1467,166,217
2164,678,790,149,115,923,281,1063,187,218
2165,814,901,184,115,1033,383,1332,126,257
2166,1015,1114,232,158,1334,405,1591,178,360
2167,1032,1085,230,164,1195,528,1725,147,245
2168,1054,1185,234,171,1378,456,1719,182,338
2169,788,816,179,131,984,310,1264,127,213
2170,769,835,161,131,962,350,1282,109,213
2171,819,877,177,151,969,399,1251,110,335
2172,787,839,178,135,1010,303,1209,145,272
2173,722,817,162,115,939,323,1259,105,175
3001,770,903,174,135,981,383,1314,91,268
3002,1009,1055,230,153,1295,386,1449,184,431
3003,838,901,215,156,1097,271,1135,161,443
3004,750,821,174,115,982,300,1199,122,250
3005,633,659,145,92,756,299,932,92,268
3006,730,702,169,118,935,210,972,160,300
3007,838,886,219,163,1023,319,1280,121,323
3008,574,636,126,93,774,217,860,101,249
3009,574,649,128,102,735,258,911,83,229
3010,998,952,218,223,1232,277,1243,160,547
3011,887,925,240,177,1162,233,1131,173,508
3012,1031,1119,227,176,1402,345,1431,222,497
3013,988,930,224,198,1258,238,1201,238,479
3014,935,898,200,136,1231,266,1168,200,465
3015,1494,1514,354,270,1920,464,1955,293,760
3016,606,615,137,133,774,177,756,120,345
3017,863,815,217,143,1076,242,1042,182,454
3018,878,883,227,166,1036,332,1244,115,402
3019,717,806,187,113,982,241,978,138,407
3020,609,579,106,89,667,326,980,66,142
3021,535,618,99,83,613,358,975,37,141
3022,737,754,196,118,899,278,1125,104,262
3023,977,1003,254,147,1302,277,1357,186,437
3024,1027,1036,277,162,1348,276,1480,239,344
3025,591,549,143,104,678,215,1051,9,80
3026,493,521,110,71,435,398,921,14,79
3027,878,955,262,193,978,400,1652,43,138
3028,1171,1257,548,179,1408,293,2036,92,300
3029,615,679,144,149,722,279,1165,34,95
3030,736,863,163,164,877,395,1374,42,183
3031,1193,1284,318,246,1409,504,2224,46,207
3032,792,842,252,142,966,274,1394,56,184
3033,718,714,210,129,779,314,1075,34,323
3034,748,789,175,177,936,249,1358,22,157
3035,1097,1229,241,256,1301,528,2036,54,236
3036,1131,1246,329,226,1393,429,2096,93,188
3037,536,559,117,166,669,143,998,18,79
3038,497,539,173,113,556,194,946,7,83
3039,1208,1237,368,253,1358,466,1966,62,417
3040,746,830,142,120,894,420,1415,65,96
3041,664,764,160,151,786,331,1130,81,217
3042,674,732,162,118,863,263,1068,107,231
3043,758,902,167,139,931,423,1319,101,240
3044,918,1037,231,179,1180,365,1451,111,393
3045,530,554,132,71,651,230,863,94,127
3046,661,750,118,112,837,344,1234,88,89
3047,845,956,185,171,1139,306,1431,103,267
3048,667,730,131,85,877,304,1120,78,199
3049,783,871,205,112,960,377,1287,102,265
3050,769,837,147,126,1021,312,1253,112,241
3051,895,937,253,161,1152,266,1364,118,350
3052,626,684,159,101,821,229,982,100,228
3053,1058,1138,277,199,1334,386,1564,165,467
3054,878,922,194,168,1069,369,1448,90,262
3055,760,822,145,143,976,318,1293,95,194
3056,385,481,90,56,470,250,748,23,95
3057,715,838,161,132,873,387,1356,63,134
3058,587,786,165,110,776,322,1229,46,98
3059,585,631,149,94,669,304,1009,42,165
3060,647,699,149,114,766,317,1221,33,92
3061,506,577,96,75,592,320,921,44,118
3062,774,890,199,143,933,389,1412,70,182
3063,644,686,184,117,767,262,1082,52,196
3064,581,668,168,113,738,230,1115,36,98
3065,675,718,114,146,899,234,1292,22,79
3066,1127,1211,315,200,1406,417,2027,62,249
3067,834,922,189,155,1004,408,1506,35,215
3068,535,627,120,85,619,338,1015,26,121
3069,580,613,145,82,672,294,1021,24,148
3070,624,639,129,115,730,289,1077,43,143
3071,604,662,146,115,725,280,1015,59,192
3072,660,750,148,117,843,302,1105,35,270
3073,793,860,190,135,1014,314,1392,49,212
3074,823,962,208,137,1022,418,1488,61,236
3075,777,882,192,131,978,358,1386,42,231
3076,489,534,97,76,560,290,877,19,127
3077,588,719,146,129,700,332,1093,49,165
3078,807,883,209,143,1040,298,1377,61,252
3079,874,949,225,175,1063,360,1366,77,380
3080,693,838,143,132,887,369,1281,53,197
3081,849,1008,194,161,1064,438,1557,47,253
3082,869,1007,209,156,1097,414,1588,70,218
3083,626,739,117,119,826,303,1179,58,128
3084,661,777,152,129,754,403,1232,61,145
3085,581,668,101,110,757,281,1029,48,172
3086,602,662,109,107,680,368,1174,40,50
3087,688,816,194,116,758,436,1314,46,144
3088,669,772,162,99,808,372,1232,66,143
3089,577,666,132,87,673,351,1137,33,73
3090,495,570,126,108,595,236,961,49,55
3091,689,752,161,153,859,268,1218,65,158
3092,592,636,144,101,748,235,1024,70,134
3093,735,810,168,158,893,326,1382,39,124
3094,546,611,121,74,682,280,1049,38,70
3095,760,885,180,146,959,360,1350,73,222
3096,741,815,174,148,989,245,1189,90,277
3097,796,863,179,166,1088,226,1108,134,417
3098,667,727,175,138,836,245,1082,74,238
3099,446,544,113,75,609,193,814,57,119
3100,585,672,144,86,750,277,1037,63,157
3101,1066,982,228,158,1254,408,1457,156,435
3102,631,719,184,103,800,263,1122,62,166
3103,569,641,132,75,642,361,1087,34,89
3104,684,811,188,128,931,248,1172,92,231
3105,525,636,127,97,711,226,942,50,169
3106,575,681,157,92,807,200,1004,91,161
3107,785,798,180,109,960,334,1323,54,206
3108,735,880,193,118,972,332,1257,95,263
3109,704,823,188,121,934,284,1260,94,173
3110,732,832,188,117,897,362,1296,85,183
3111,609,712,181,84,810,246,1102,68,151
3112,894,1022,211,183,1140,382,1667,73,176
3113,756,882,166,149,866,457,1383,70,185
3114,670,799,133,159,797,380,1297,49,123
3211,727,763,177,224,887,202,1323,6,161
3212,1152,1292,261,236,1263,684,2031,59,354
3213,1135,1227,319,301,1381,361,1858,53,451
4001,600,683,136,122,763,262,1031,74,178
4002,920,1017,235,179,1083,440,1751,58,128
4003,533,551,134,74,630,246,980,28,76
4004,436,542,102,69,585,222,840,36,102
4005,581,670,162,101,672,316,1143,30,78
4006,530,609,143,97,585,314,1027,33,79
4007,482,625,111,83,571,342,953,51,103
4008,466,531,113,78,567,239,858,28,111
4009,644,790,152,118,855,309,1234,52,148
4010,410,495,114,88,487,216,819,22,64
4011,817,911,237,119,879,493,1584,51,93
4012,634,750,123,141,761,359,1298,41,45
4013,579,686,134,107,704,320,1143,51,71
4014,391,471,89,76,437,260,781,29,52
4015,860,1043,219,168,1109,407,1734,46,123
4016,518,578,117,78,627,274,1003,31,62
4017,514,624,125,70,602,341,1029,31,78
4018,699,845,189,151,787,417,1361,60,123
4019,634,725,164,142,698,355,1181,73,105
4020,678,779,211,129,729,388,1302,53,102
4021,603,710,159,127,677,350,1143,66,104
4022,753,834,146,141,902,398,1320,83,184
4023,505,586,159,111,533,288,929,34,128
4024,502,571,181,111,516,265,1013,16,44
4025,555,634,164,102,659,264,1051,53,85
4026,596,724,176,93,702,349,1164,52,104
4027,568,617,141,112,655,277,1015,59,111
4028,640,712,168,92,666,426,1193,68,91
4029,529,615,123,88,601,332,1069,17,58
4030,821,971,241,126,876,549,1628,69,95
4031,919,874,212,136,1052,393,1475,93,225
4032,704,864,173,122,892,381,1439,30,99
4033,538,638,152,77,658,289,1055,34,87
4034,704,782,163,129,707,487,1400,41,45
4035,650,771,174,87,781,379,1284,43,94
4036,792,945,239,140,861,497,1517,57,163
4037,992,1166,252,190,1139,577,1895,49,214
4038,597,698,137,104,683,371,1199,19,77
4039,578,641,170,101,699,249,1062,48,109
4040,734,859,232,137,912,312,1317,43,233
4041,627,703,167,84,769,310,1113,39,178
4042,838,909,117,125,1023,482,1502,47,198
4043,742,912,173,132,832,517,1555,26,73
4044,772,857,174,143,924,388,1437,32,160
4045,671,768,207,108,738,386,1260,54,125
4046,1206,1254,285,216,1259,700,2268,80,112
4047,835,919,207,189,933,425,1591,46,117
4048,697,838,165,152,819,399,1386,76,73
4049,549,637,184,126,611,265,1044,63,79
4050,970,1125,360,187,975,573,1876,99,120
4051,740,903,244,153,812,434,1446,70,127
4052,996,1203,338,232,1016,613,1904,147,148
4053,830,873,240,202,957,304,1288,136,279
4054,509,573,159,116,503,304,903,58,121
4055,780,834,277,225,732,380,1291,233,90
4056,868,952,316,229,921,354,1338,257,225
4084,634,752,190,94,660,442,1254,47,85
5001,891,866,330,171,1057,199,1470,189,98
5002,744,810,290,156,798,310,1371,135,48
5003,694,679,254,166,769,184,1189,104,80
5004,462,653,168,178,472,297,982,67,66
5005,587,639,208,178,559,281,945,125,156
5006,893,898,346,246,826,373,1483,204,104
5007,863,875,289,141,910,398,1488,130,120
5008,764,881,312,173,795,365,1482,85,78
5009,787,951,289,186,875,388,1537,110,91
5010,742,874,318,153,790,355,1463,115,38
5011,663,761,237,132,772,283,1265,75,84
5012,633,761,240,133,748,273,1230,83,81
5013,814,900,295,164,953,302,1488,130,96
5014,822,908,341,144,891,354,1471,143,116
5015,735,882,366,136,818,297,1437,113,67
5016,866,1053,367,184,1006,362,1658,114,147
5017,745,859,278,209,786,331,1414,96,94
5018,562,689,197,124,609,321,1134,49,68
5019,807,928,331,188,855,361,1580,78,77
5020,498,631,133,132,619,245,979,50,100
5021,632,764,263,228,659,246,1126,64,206
5022,772,1023,293,191,839,472,1626,70,99
5023,645,833,253,118,764,343,1336,67,75
5024,898,1021,310,240,920,449,1750,91,78
5025,641,747,214,191,688,295,1291,39,58
5026,709,757,257,194,719,296,1364,49,53
5027,691,738,267,210,654,298,1330,45,54
5028,806,829,326,171,844,294,1480,71,84
5029,807,904,341,230,801,339,1564,89,58
5030,656,758,263,195,662,294,1346,24,44
5031,779,902,298,255,729,399,1477,93,111
5032,856,1009,270,277,903,415,1497,129,239
5033,641,745,281,130,673,302,1227,65,94
5034,552,695,236,118,616,277,1093,65,89
5035,523,565,136,122,491,339,1015,35,38
5036,840,913,315,224,849,365,1600,76,77
5037,619,816,241,157,701,336,1269,63,103
5038,603,730,173,125,726,309,1149,62,122
5039,713,838,263,166,748,374,1473,32,46
5040,649,808,225,152,809,271,1264,77,116
5041,909,944,260,186,1088,319,1492,107,254
5042,624,667,160,161,681,289,1116,57,118
5043,685,792,220,143,816,298,1277,79,121
5044,608,732,222,124,694,300,1202,54,84
5045,716,858,294,175,784,321,1453,58,63
5046,490,650,145,125,492,378,1076,21,43
5047,591,706,243,148,654,252,1199,48,50
5048,581,702,197,181,621,284,1188,27,68
5049,768,917,262,215,842,366,1504,82,99
5050,782,929,243,189,931,348,1514,86,111
5051,766,872,287,200,796,355,1472,84,82
5052,676,849,269,191,730,335,1396,66,63
5053,718,824,236,224,737,345,1395,62,85
5054,448,589,130,147,504,256,914,42,81
5055,672,775,240,189,664,354,1300,43,104
5056,517,726,182,112,615,334,1099,44,100
5057,809,913,218,209,845,450,1553,55,114
5058,720,862,261,168,777,376,1353,78,151
5059,717,940,233,155,880,389,1433,99,125
5060,524,631,190,146,563,256,983,67,105
5061,637,823,150,134,869,307,1200,91,169
5062,685,908,232,177,818,366,1393,108,92
5063,716,870,233,174,820,359,1412,77,97
5064,718,893,217,166,844,384,1390,100,121
5065,762,911,231,167,896,379,1434,88,151
5066,547,670,144,141,619,313,1088,55,74
5067,613,731,194,148,676,326,1150,88,106
5068,711,838,219,142,884,304,1296,125,128
5069,812,981,273,187,995,338,1525,120,148
5070,657,817,220,141,782,331,1308,82,84
5071,726,897,203,178,907,335,1356,122,145
5072,763,941,243,169,909,383,1476,97,131
5073,754,914,224,166,926,352,1431,102,135
5074,808,938,263,199,887,397,1536,114,96
5075,784,996,266,207,895,412,1592,93,95
5076,634,754,181,141,721,345,1231,68,89
5077,660,839,247,206,738,308,1325,76,98
5078,991,1136,384,251,1079,413,1915,101,111
5079,564,694,169,150,669,270,1117,80,61
5080,604,773,195,139,770,273,1196,97,84
5081,721,914,239,173,884,339,1388,108,139
5082,795,913,252,161,966,329,1464,114,130
5083,597,715,165,110,736,301,1107,91,114
5084,588,748,176,137,729,294,1160,89,87
5085,616,704,195,109,774,242,1108,87,125
5086,615,704,186,124,777,232,1124,86,109
5087,676,861,183,159,844,351,1355,82,100
5088,831,914,210,214,985,336,1491,105,149
5089,824,904,234,178,940,376,1531,105,92
5090,877,1011,273,149,1099,367,1607,120,161
5091,675,849,203,137,819,365,1337,104,83
5092,699,864,209,187,805,362,1406,78,79
5093,507,665,158,136,601,277,1033,49,90
5094,1154,1424,403,299,1289,587,2345,125,108
5095,733,922,280,151,848,376,1460,58,137
5096,502,616,156,94,622,246,973,68,77
5097,752,839,277,165,828,321,1389,112,90
5098,695,852,218,140,874,315,1322,88,137
6001,499,625,146,74,634,270,903,87,134
6002,689,796,167,129,834,355,1214,100,171
6003,1081,1161,290,171,1309,472,1907,149,186
6004,696,743,188,121,816,314,1227,86,126
6006,461,537,153,89,544,212,924,39,35
6007,901,1034,308,184,1111,332,1700,90,145
6008,869,1106,246,181,1074,474,1686,103,186
6009,565,637,214,104,607,277,1078,78,46
6010,491,570,148,78,559,276,929,34,98
6011,613,695,168,127,638,375,1206,48,54
6012,530,588,143,75,555,345,976,69,73
6013,814,918,226,182,969,355,1464,119,149
6014,647,740,160,105,756,366,1252,49,86
6015,662,751,179,126,846,262,1164,79,170
6016,742,865,233,142,967,265,1341,82,184
6017,631,713,202,93,765,284,1167,75,102
6018,622,680,148,94,806,254,1065,137,100
6019,691,816,178,142,892,295,1276,108,123
6020,536,598,144,74,625,291,968,77,89
6021,608,756,200,132,693,339,1178,65,121
6022,670,684,164,165,714,311,1139,81,134
6023,576,655,144,100,636,351,1165,26,40
6024,722,923,218,130,843,454,1447,83,115
6025,646,771,175,120,725,397,1286,43,88
6026,462,556,97,66,552,303,881,37,100
6027,527,676,155,104,628,316,1054,53,96
6028,623,707,159,92,800,279,1093,114,123
6029,567,675,105,98,709,330,1061,85,96
6030,620,719,149,92,837,261,1080,127,132
6031,487,616,98,87,690,228,907,91,105
6032,543,609,143,82,697,230,992,73,87
6033,589,716,131,96,805,273,1107,119,79
6034,568,718,140,94,769,283,1077,107,102
6035,468,553,105,86,579,251,875,82,64
6036,631,819,163,120,752,415,1240,91,119
6037,531,614,144,117,620,264,908,109,128
6038,631,861,180,116,875,321,1245,152,95
6039,727,907,175,108,1072,279,1231,229,174
6040,683,963,189,143,920,394,1357,133,156
6041,779,949,225,178,982,343,1405,161,162
6042,813,953,277,124,1050,315,1377,180,209
6043,607,712,161,97,827,234,985,147,187
6044,704,797,182,114,913,292,1211,162,128
6045,597,718,144,101,877,193,948,185,182
6046,536,623,128,81,759,191,891,141,127
6047,821,866,193,119,1152,223,1174,247,266
6048,658,738,156,108,898,234,1041,168,187
6049,508,625,154,89,689,201,882,113,138
6050,586,676,144,83,822,213,924,182,156
6051,579,753,174,93,818,247,1050,138,144
6052,721,851,169,133,989,281,1231,185,156
6053,663,826,185,93,913,298,1188,167,134
6054,787,859,212,106,1066,262,1284,174,188
6055,621,796,169,95,861,292,1177,115,125
6056,733,849,173,98,1095,216,1198,207,177
6057,681,845,155,94,987,290,1174,166,186
6058,714,895,141,110,1049,309,1247,169,193
6059,693,813,180,100,915,311,1258,126,122
6060,828,967,181,151,1124,339,1418,182,195
6061,614,724,139,100,829,270,1097,82,159
6062,603,704,160,100,760,287,1066,98,143
6063,721,825,183,99,972,292,1228,140,178
6064,882,1062,259,167,1051,467,1640,138,166
6065,551,664,169,84,689,273,1049,73,93
6066,440,562,113,51,607,231,849,69,84
6067,812,968,195,131,1103,351,1480,152,148
6068,695,860,194,134,879,348,1328,111,116
6069,515,595,139,77,646,248,949,67,94
6070,826,1050,226,118,1141,391,1521,134,221
6071,498,573,111,142,576,242,908,54,109
6072,726,896,170,144,875,433,1430,83,109
6073,635,757,129,107,812,344,1204,64,124
6074,539,597,161,87,656,232,938,80,118
6075,503,599,120,83,572,327,1010,31,61
6076,649,670,150,103,656,410,1155,55,109
6077,519,672,152,110,691,238,995,71,125
6078,612,715,157,98,841,231,1066,107,154
6079,513,600,128,72,642,271,964,79,70
6080,529,621,130,91,639,290,1005,40,105
6081,595,711,141,100,794,271,1114,75,117
6082,827,1009,217,177,1048,394,1612,87,137
6083,824,899,174,141,944,464,1524,73,126
6084,700,817,181,105,890,341,1302,92,123
6085,575,704,149,109,676,345,1146,60,73
6086,470,522,122,82,539,249,917,37,38
6087,834,1031,187,118,968,592,1754,44,67
6088,544,665,145,97,660,307,1076,53,80
7001,711,886,159,129,802,507,1446,48,103
7002,519,631,108,68,666,308,1022,52,76
7003,616,712,198,98,773,259,1081,89,158
7004,699,798,153,118,894,332,1205,96,196
7005,716,791,186,88,898,335,1300,65,142
7006,443,514,95,72,554,236,878,28,51
7007,625,795,116,124,700,480,1247,57,116
7008,687,767,138,120,784,412,1322,46,86
7009,540,666,122,110,709,265,1035,55,116
7010,617,703,134,150,776,260,1109,56,155
7011,516,633,117,77,699,256,931,73,145
7012,740,868,187,104,938,379,1350,88,170
7013,582,640,110,110,709,293,1126,24,72
7014,438,488,97,65,527,237,759,46,121
7015,650,725,155,126,747,347,1224,52,99
7016,647,691,159,134,734,311,1193,57,88
7017,718,936,207,130,915,402,1430,70,154
7018,752,940,213,140,951,388,1397,79,216
7019,684,800,164,117,822,381,1297,58,129
7020,711,862,203,132,867,371,1307,63,203
7021,497,523,107,82,581,250,914,51,55
7022,551,607,138,105,646,269,1051,28,79
7023,643,661,166,107,772,259,1119,77,108
7024,697,796,167,158,840,328,1256,84,153
7025,660,777,181,116,851,289,1194,74,169
7026,496,590,108,63,571,344,942,47,97
7027,928,1049,291,189,1067,430,1659,88,230
7028,733,789,208,154,934,226,1256,91,175
7029,642,671,123,121,685,384,1165,44,104
7030,627,760,200,100,749,338,1194,32,161
7031,757,806,211,114,897,341,1329,56,178
7032,698,706,175,131,806,292,1235,34,135
7033,659,747,164,118,776,348,1248,44,114
7034,825,900,243,156,979,347,1528,52,145
7035,789,971,233,166,994,367,1591,66,103
7036,640,762,172,109,791,330,1260,26,116
7037,671,819,170,128,837,355,1257,58,175
7038,612,717,165,135,661,368,1128,59,142
7039,744,853,177,166,963,291,1353,73,171
7040,696,805,175,123,874,329,1265,88,148
7041,615,749,182,106,807,269,1088,73,203
7042,721,859,194,122,932,332,1337,52,191
7043,645,742,178,107,777,325,1174,46,167
7044,608,698,138,100,730,338,1180,39,87
7045,711,780,190,114,813,374,1294,67,130
7046,660,770,172,97,774,387,1204,50,176
7047,703,778,171,129,866,315,1255,55,171
7048,566,681,144,102,691,310,1095,46,106
7049,587,634,127,111,678,305,1075,45,101
7050,547,621,155,90,677,246,994,47,127
7051,784,946,242,150,944,394,1470,74,186
7052,575,647,151,100,602,369,1142,34,46
7053,679,758,200,119,775,343,1338,25,74
7054,735,823,251,138,810,359,1478,35,45
7055,570,638,184,131,576,317,1159,18,31
7056,576,602,158,117,634,269,1099,35,44
7057,680,783,186,178,791,308,1370,19,74
7058,668,697,177,117,780,291,1291,33,41
7059,607,664,160,96,715,300,1104,73,94
7060,908,921,231,143,1069,386,1630,68,131
7061,600,608,181,98,678,251,1111,31,66
7062,617,664,184,99,766,232,1111,49,121
7063,716,739,200,144,801,310,1285,32,138
7064,800,869,211,158,914,386,1476,42,151
7065,801,882,209,149,961,364,1349,60,274
7066,842,933,233,177,973,392,1462,58,255
7067,686,802,205,121,837,325,1268,46,174
7068,608,673,173,128,700,280,1072,31,178
7069,694,737,167,134,783,347,1222,27,182
7070,665,751,177,157,762,320,1196,26,194
7071,633,739,156,132,715,369,1238,18,116
7072,655,702,167,131,731,328,1208,30,119
7073,497,626,138,81,572,332,947,28,148
7074,803,882,214,151,930,390,1452,24,209
7075,606,649,147,120,647,341,1038,29,188
7076,637,686,168,102,718,335,1112,32,179
7077,656,703,176,142,763,278,1135,40,184
7078,674,709,183,122,806,272,1182,57,144
7079,655,700,149,115,703,388,1206,18,131
7080,827,941,295,148,999,326,1559,35,174
7081,938,1004,203,205,1097,437,1774,39,129
7082,622,645,165,129,713,260,1094,43,130
7083,613,668,140,109,700,332,1111,35,135
7084,629,657,154,132,712,288,1105,35,146
7085,620,658,175,113,736,254,1165,24,89
7086,710,756,185,131,817,333,1212,45,209
7087,751,838,185,127,890,387,1359,36,194
7088,768,825,241,153,923,276,1282,52,259
7089,613,758,163,118,721,369,1209,42,120
7090,699,719,197,119,778,324,1296,26,96
7091,530,618,137,116,602,293,1008,42,98
7092,608,759,122,96,685,464,1081,29,257
7093,768,828,191,166,817,422,1398,43,155
7094,560,709,141,88,641,399,1109,33,127
7095,691,830,170,141,833,377,1358,32,131
7096,650,771,189,134,732,366,1259,35,127
7097,398,531,81,50,358,440,827,22,80
7098,999,1151,320,224,1174,432,1995,70,85
7099,526,554,97,121,687,175,1005,15,60
7100,558,625,128,75,555,425,1066,37,80
7101,670,725,159,94,662,480,1210,41,144
7102,310,293,86,50,375,92,539,9,55
7103,705,837,158,179,894,311,1175,57,310
7104,753,862,237,122,845,411,1421,55,139
7105,524,562,135,86,607,258,1015,24,47
7106,561,638,176,82,602,339,1125,3,71
7107,608,641,168,100,653,328,1185,18,46
7108,583,635,129,124,644,321,1152,20,46
7109,779,859,184,113,878,463,1466,41,131
7110,454,606,108,85,462,405,998,18,44
7111,392,497,100,57,386,346,841,26,22
7112,595,658,157,118,696,282,1153,21,79
7113,589,617,178,97,690,241,1095,17,94
7114,541,619,138,114,649,259,1102,17,41
7115,539,567,126,119,582,279,1021,31,54
7116,694,779,218,103,819,333,1350,45,78
7117,846,738,212,111,990,271,1200,122,262
7118,526,697,163,89,651,320,1119,19,85
7119,549,646,168,90,669,268,1036,20,139
7120,564,664,118,114,635,361,1081,22,125
7121,541,648,136,96,621,336,1000,25,164
7122,597,751,152,99,708,389,1197,25,126
7123,678,733,147,169,737,358,1252,26,133
8001,597,688,137,110,715,323,1160,18,107
8002,565,674,141,114,633,351,1152,25,62
8003,595,650,133,115,669,328,1126,24,95
8004,652,790,174,115,786,367,1195,22,225
8005,545,614,123,108,609,319,1014,24,121
8006,720,800,195,150,818,357,1289,56,175
8007,531,679,130,91,608,381,1110,12,88
8008,761,839,203,119,898,380,1405,59,136
8009,804,887,220,152,964,355,1438,61,192
8010,511,599,121,105,616,268,992,19,99
8011,541,661,175,133,623,271,1098,17,87
8012,593,745,157,121,746,314,1157,25,156
8013,547,655,147,93,632,330,1045,16,141
8014,570,658,170,110,673,275,1037,14,177
8015,629,784,169,130,765,349,1150,30,233
8016,508,636,138,91,572,343,990,14,140
8017,642,729,169,108,725,369,1222,19,130
8018,715,836,166,135,874,376,1335,31,185
8019,831,974,229,138,1039,399,1442,56,307
8020,596,713,156,104,738,311,1127,14,168
8021,670,800,183,135,787,365,1262,12,196
8022,560,663,112,112,687,312,1093,8,122
8023,647,700,172,131,752,292,1173,30,144
8024,632,770,163,117,748,374,1198,34,170
8025,529,660,134,109,616,330,968,41,180
8026,666,771,217,101,742,377,1239,41,157
8027,631,655,175,76,670,365,1190,19,77
8028,495,600,113,79,558,345,991,16,88
8029,715,814,222,143,839,325,1380,13,136
8030,712,803,242,146,819,308,1275,22,218
8031,619,702,174,88,676,383,1192,18,111
8032,603,702,168,112,702,323,1140,24,141
8033,708,767,186,106,848,335,1201,37,237
8034,525,684,155,110,547,397,981,14,214
8035,1063,1011,220,172,1221,461,1508,84,482
8036,693,808,174,121,833,373,1221,23,257
8037,672,834,178,112,792,424,1266,19,221
8038,658,823,191,145,807,338,1213,16,252
8039,710,825,198,124,816,397,1236,34,265
8040,782,870,228,171,924,329,1371,13,268
8041,1142,1228,394,260,1363,353,1609,44,717
8042,586,702,141,95,595,457,1130,14,144
8043,508,655,122,142,569,330,1075,14,74
8044,637,727,172,133,750,309,1073,22,269
8045,830,909,232,173,1005,329,1314,36,389
8046,625,773,166,122,744,366,1143,21,234
8047,724,859,220,135,862,366,1134,32,417
8048,483,539,119,130,534,239,934,10,78
8049,596,669,178,107,698,282,1170,17,78
8050,662,752,155,126,706,427,1320,16,78
8051,644,717,267,86,735,273,1278,16,67
8052,402,511,118,59,464,272,829,15,69
8053,560,623,128,92,562,401,1097,27,59
8054,764,944,187,132,804,585,1570,27,111
8055,896,969,213,158,882,612,1762,39,64
8056,693,792,161,147,739,438,1331,29,125
8057,625,713,142,123,664,409,1203,24,111
8058,737,877,212,142,830,430,1478,25,111
8059,462,519,124,83,525,249,919,6,56
8060,559,641,134,89,626,351,1126,6,68
8061,818,857,222,138,882,433,1597,20,58
8062,564,611,100,116,665,294,1145,5,25
8063,536,566,91,86,576,349,1060,5,37
8064,820,932,241,153,936,422,1666,15,71
8065,867,820,290,199,968,230,1364,49,274
8066,758,787,274,157,889,225,1261,44,240
8067,839,878,253,162,984,318,1435,36,246
8068,852,955,262,224,978,343,1434,28,345
8069,717,775,194,152,858,288,1188,32,272
8070,668,762,217,109,832,272,1079,37,314
8071,801,853,217,185,920,332,1326,28,300
8072,575,640,175,126,608,306,1001,42,172
8073,820,930,249,175,1016,310,1330,54,366
8074,676,738,205,139,795,275,1041,58,315
8075,882,992,239,175,1045,415,1501,46,327
8076,715,838,160,126,793,474,1310,32,211
8077,646,745,194,150,775,272,1255,15,121
8078,711,822,184,115,878,356,1244,33,256
8079,676,737,190,141,786,296,1062,41,310
8080,681,790,195,112,802,362,1239,30,202
8081,778,835,272,153,897,291,1180,25,408
8082,705,875,172,166,836,406,1305,16,259
8083,591,706,175,109,698,315,979,38,280
8084,545,635,143,107,603,327,1004,9,167
8085,690,747,180,164,824,269,1169,28,240
8086,787,912,242,128,913,416,1388,34,277
8087,561,669,166,97,642,325,1050,11,169
8088,602,692,175,121,693,305,1074,19,201
8089,589,664,161,104,695,293,1029,32,192
8090,576,650,156,107,630,333,1056,14,156
8091,589,602,108,123,594,366,1038,13,140
8092,489,516,115,78,519,293,892,10,103
8093,607,640,167,121,665,294,1085,9,153
8094,710,778,147,113,745,483,1352,17,119
8095,518,580,130,91,505,372,1027,12,59
8096,712,752,181,152,816,315,1251,24,189
8097,643,719,188,155,726,293,1172,7,183
8098,573,657,176,117,643,294,1045,32,153
8099,637,695,176,124,768,264,1116,36,180
8100,561,706,166,109,687,305,1099,12,156
8101,794,921,213,153,905,444,1511,11,193
8102,674,821,174,108,728,485,1236,14,245
8103,789,778,233,139,964,231,1133,36,398
8104,560,682,166,132,685,259,1024,32,186
8105,739,800,231,172,821,315,1269,22,248
8106,555,641,184,124,651,237,884,10,302
8107,856,939,242,187,1019,347,1634,11,150
8108,913,968,365,234,1077,205,1485,61,335
8109,505,487,163,118,548,163,889,5,98
8110,964,949,365,199,1078,271,1347,53,513
8111,742,849,259,187,846,299,1176,16,399
8112,828,858,273,197,926,290,1123,47,516
8113,868,872,288,208,905,339,1274,11,455
8114,931,924,260,209,1012,374,1392,29,434
8115,797,852,253,194,884,318,1138,31,480
8116,683,708,265,130,754,242,1217,25,149
8215,660,813,237,118,810,308,1304,33,136
9001,1381,1199,468,319,1446,347,1631,58,891
9002,1107,1029,323,224,1256,333,1456,72,608
9003,1089,1012,352,222,1164,363,1548,48,505
9004,803,832,253,173,908,301,1253,27,355
9005,805,811,265,142,968,241,1347,62,207
9006,607,640,204,151,677,215,1113,24,110
9007,640,672,228,140,746,198,1143,13,156
9008,971,964,602,116,1125,92,1838,23,74
9009,703,737,290,110,699,341,1359,10,71
9010,875,920,213,179,955,448,1711,17,67
9011,859,886,248,188,929,380,1535,17,193
9013,916,994,329,201,1067,313,1511,32,367
9014,1098,943,305,174,1201,361,1541,107,393
9015,891,918,267,176,1042,324,1499,38,272
9016,646,726,140,120,828,284,1324,7,41
9017,742,774,243,149,850,274,1410,23,83
9018,723,770,225,99,804,365,1443,6,44
9019,1229,1261,337,233,1551,369,2366,28,96
9020,527,604,121,81,567,362,1079,11,41
9021,655,725,163,119,768,330,1284,18,78
9022,572,628,141,112,657,290,1131,25,44
9023,581,630,166,111,713,221,1134,24,53
9024,517,631,154,87,586,321,1087,12,49
9025,547,640,151,91,686,259,1076,17,94
9026,728,814,186,126,879,351,1412,33,97
9027,643,689,128,119,774,311,1280,13,39
9028,798,833,399,123,928,181,1611,10,10
9029,557,594,137,93,625,296,1085,15,51
9030,691,812,293,91,825,294,1444,13,46
9031,560,617,242,118,622,195,1143,14,20
9032,1014,1146,422,184,1273,281,1890,52,218
9033,1569,1666,409,267,1932,627,2873,75,287
9034,654,753,163,100,753,391,1255,19,133
9035,722,827,185,135,866,363,1387,33,129
9036,660,763,146,130,794,353,1351,10,62
9037,686,772,172,139,820,327,1238,20,200
9038,746,837,226,124,886,347,1462,23,98
9039,745,811,196,130,910,320,1463,29,64
9040,698,831,237,133,827,332,1388,30,111
9041,655,779,202,115,774,343,1299,46,89
9042,576,671,145,85,705,312,1109,25,113
9043,617,715,169,96,727,340,1210,34,88
9044,705,764,170,123,865,311,1358,35,76
9045,668,755,188,111,772,352,1305,28,90
9046,618,694,162,89,759,302,1204,29,79
9047,718,803,184,114,904,319,1415,24,82
9048,686,747,175,115,793,350,1291,26,116
9049,586,720,146,128,713,319,1139,11,156
9050,732,832,193,124,872,375,1425,36,103
9051,568,654,151,103,680,288,1106,33,83
9052,566,616,143,92,650,297,1094,19,69
9053,722,880,210,125,843,424,1481,30,91
9054,511,610,107,96,587,331,1026,10,85
9055,811,928,206,151,949,433,1461,36,242
9056,536,614,97,72,608,373,1056,14,80
9057,733,800,170,131,836,396,1288,29,216
9058,716,800,266,120,893,237,1321,51,144
9059,694,710,199,103,748,354,1248,49,107
9060,627,722,156,123,748,322,1222,21,106
9061,811,903,292,149,938,335,1598,40,76
9062,542,576,152,91,665,210,961,29,128
9063,551,590,139,87,675,240,1020,39,82
9064,574,635,120,123,693,273,1106,21,82
9065,939,1129,202,191,1178,497,1801,34,233
9066,677,752,182,109,842,296,1297,41,91
9067,651,818,168,125,828,348,1257,40,172
9068,760,817,195,139,889,354,1455,36,86
9069,409,517,106,71,449,300,834,12,80
9070,801,960,193,169,979,420,1423,52,286
9071,864,1008,201,153,1041,477,1594,50,228
9072,672,789,181,119,815,346,1148,48,265
9073,749,818,131,148,936,352,1396,37,134
9074,740,893,196,149,845,443,1448,49,136
9075,676,804,186,146,819,329,1285,31,164
9076,635,791,163,114,794,355,1240,32,154
9077,696,889,189,127,839,430,1402,46,137
9078,678,782,178,143,802,337,1225,53,182
9079,735,848,180,163,858,382,1398,32,153
9080,640,680,144,110,730,336,1164,47,109
9081,806,963,245,141,1002,381,1520,51,198
9082,905,1041,275,163,1161,347,1634,72,240
9083,765,882,226,139,862,420,1410,67,170
9084,848,897,210,146,1033,356,1470,68,207
9085,778,913,190,140,968,393,1436,75,180
9086,670,793,197,133,782,351,1232,45,186
9087,600,682,123,107,703,349,1153,39,90
9088,906,1087,234,145,1079,535,1662,63,268
9089,653,820,166,112,750,445,1258,28,187
9090,744,876,172,135,881,432,1349,45,226
9091,884,991,212,180,1060,423,1617,34,224
9092,933,1014,206,173,1106,462,1713,40,194
9093,641,692,153,112,752,316,1211,32,90
9094,1007,1071,255,201,1163,459,1761,73,244
9095,1005,1120,270,202,1221,432,1830,63,232
9156,606,673,131,74,709,365,1142,36,101
10001,782,839,195,109,925,392,1313,76,232
10002,837,919,194,150,1077,335,1481,101,174
10003,772,838,195,150,941,324,1376,79,155
10004,697,838,192,96,846,401,1323,71,141
10005,739,863,144,115,966,377,1371,49,182
10006,807,944,186,138,1008,419,1511,58,182
10007,649,680,124,93,729,383,1204,44,81
10008,787,921,174,118,961,455,1376,108,224
10009,724,836,152,95,906,407,1335,78,147
10010,772,922,181,116,980,417,1387,74,233
10011,562,654,126,103,717,270,1049,62,105
10012,889,1009,217,165,1091,425,1534,114,250
10013,635,745,147,105,802,326,1138,82,160
10014,661,756,127,109,845,336,1137,90,190
10015,866,982,178,139,1082,449,1513,105,230
10016,622,670,128,128,760,276,1072,62,158
10017,794,947,209,126,946,460,1409,74,258
10018,672,737,157,114,867,271,1103,80,226
10019,778,880,148,141,978,391,1386,74,198
10020,697,786,166,109,793,415,1232,55,196
10021,631,700,151,121,748,311,1098,75,158
10022,616,688,140,131,780,253,1103,84,117
10023,673,804,177,142,796,362,1247,72,158
10024,720,761,208,128,890,255,1222,65,194
10025,617,759,162,121,802,291,1140,68,168
10026,722,797,195,139,926,259,1218,93,208
10027,742,820,175,166,900,321,1400,48,114
10028,868,949,213,223,1072,309,1548,56,213
10029,720,795,202,130,879,304,1323,60,132
10030,837,934,230,135,970,436,1596,30,145
10031,760,817,171,123,946,337,1319,77,181
10032,695,767,180,152,977,153,1239,71,152
10033,392,496,69,94,404,321,864,11,13
10034,861,896,229,131,905,492,1569,49,139
10035,984,1037,361,195,1139,326,1907,30,84
10036,733,728,260,185,900,116,1308,69,84
10037,512,564,122,103,630,221,795,76,205
10038,790,836,201,145,975,305,1337,122,167
10039,825,961,236,155,1100,295,1378,141,267
10040,935,983,222,173,1101,422,1504,99,315
10041,770,814,170,116,931,367,1292,99,193
10042,1244,1306,451,152,1637,310,1969,189,392
10043,1080,1088,315,265,1371,217,1425,272,471
10044,744,803,150,117,927,353,1252,131,164
10045,588,696,153,113,775,243,1101,107,76
10046,599,651,129,75,715,331,1012,105,133
10047,956,968,156,189,1155,424,1430,202,292
10048,794,849,216,162,955,310,1300,159,184
10049,619,652,142,107,715,307,1081,84,106
10050,765,862,184,148,937,358,1394,80,153
10051,761,836,256,131,905,305,1325,142,130
10052,1192,1182,402,291,1464,217,1970,252,152
10053,897,906,238,256,1073,236,1516,180,107
10054,471,527,155,135,587,121,847,79,72
10055,1305,1355,441,400,1447,372,2201,260,199
10056,947,988,271,127,1295,242,1356,289,290
10057,695,695,170,77,889,254,1082,146,162
10058,564,608,169,71,723,209,933,107,132
10059,812,890,256,107,1052,287,1250,237,215
10060,807,802,243,125,1034,207,1188,171,250
10061,872,969,266,134,1038,403,1576,161,104
10062,746,776,232,148,870,272,1322,87,113
10063,595,645,130,111,714,285,1087,89,64
10064,859,879,246,127,1083,282,1363,194,181
10065,789,839,257,114,1000,257,1372,150,106
10066,1073,1098,409,166,1257,339,1787,182,202
10067,936,1046,509,163,1129,181,1712,158,112
10068,806,821,372,124,948,183,1486,79,62
10069,1081,1206,441,165,1323,358,1877,158,252
10070,787,902,233,138,1034,284,1395,131,163
10071,897,933,268,182,1107,273,1650,97,83
10072,1018,1036,353,142,1241,318,1700,164,190
10073,727,790,188,122,799,408,1335,70,112
10074,835,863,247,145,989,317,1364,130,204
10075,750,753,192,144,882,285,1248,98,157
10076,1035,1120,406,92,1547,110,1838,130,187
10077,976,928,438,162,1122,182,1620,154,130
10078,1198,1208,609,170,1424,203,2006,227,173
10079,869,918,270,173,1032,312,1567,102,118
10080,1254,1217,635,172,1464,200,1539,402,530
10081,987,987,289,187,1137,361,1516,74,384
10082,1015,912,336,210,1138,243,1101,55,771
10083,1260,969,437,246,1304,242,1211,33,985
10084,815,768,228,148,937,270,1095,35,453
10085,1085,1000,340,196,1177,372,1367,52,666
10086,970,1014,322,224,1063,375,1459,48,477
10087,850,894,232,186,919,407,1387,47,310
10088,793,843,201,180,948,307,1497,17,122
10089,1123,1032,363,199,1268,325,1404,189,562
10090,675,751,184,157,796,289,1130,61,235
10091,960,1020,248,176,1079,477,1650,65,265
10092,708,798,96,131,941,338,1366,26,114
10093,535,536,85,88,641,257,1004,14,53
10094,1396,1407,545,140,1905,213,2121,286,396
10095,667,664,204,111,818,198,1090,91,150
10096,755,861,293,135,943,245,1373,97,146
10097,749,821,289,100,870,311,1375,79,116
10098,898,964,185,293,1122,262,1741,26,95
10099,537,579,157,126,644,189,1027,17,72
10100,745,861,228,122,845,411,1353,80,173
10101,785,755,234,128,946,232,1164,89,287
10102,1230,1339,323,203,1436,607,2205,66,298
10103,1044,1147,233,159,1186,613,2001,51,139
10104,795,851,135,193,1091,227,1566,25,55
10105,1051,1216,303,272,1256,436,2068,31,168
10106,474,529,117,60,517,309,898,19,86
10107,772,845,236,135,975,271,1486,59,72
10108,613,718,132,96,642,461,1221,32,78
10109,728,827,181,124,759,491,1328,35,192
10110,734,916,207,113,869,461,1481,27,142
10111,597,685,147,98,697,340,1122,32,128
10112,764,801,178,107,882,398,1449,31,85
10113,559,642,178,114,689,220,1025,32,144
10114,669,746,212,100,790,313,1203,38,174
10115,778,755,134,202,807,390,1195,63,275
10116,885,988,227,141,997,508,1542,85,246
10117,611,674,149,101,613,422,1133,40,112
10118,481,536,136,84,477,320,958,14,45
10119,525,604,105,76,602,346,995,24,110
10120,665,824,187,130,791,381,1199,58,232
10121,760,834,215,130,896,353,1336,55,203
10122,740,800,156,138,871,375,1433,17,90
10123,682,719,179,131,730,361,1242,35,124
10124,540,563,116,102,661,224,1018,15,70
10125,540,589,134,86,550,359,1010,10,109
10126,512,557,126,97,598,248,994,8,67
10127,507,509,192,74,579,171,950,13,53
10128,735,846,159,130,837,455,1480,40,61
10129,594,628,117,135,746,224,1142,11,69
10130,547,632,130,80,626,343,1028,32,119
10131,552,657,106,115,686,302,1143,10,56
10132,595,680,166,101,617,391,1131,32,112
10133,791,918,189,125,844,551,1477,49,183
10134,689,839,187,97,694,550,1349,42,137
10135,589,644,156,106,621,350,1089,32,112
10136,668,702,155,100,622,493,1226,11,133
10137,761,824,180,148,826,431,1367,39,179
10138,748,808,216,148,888,304,1306,43,207
10139,798,833,175,127,895,434,1384,40,207
10140,745,841,210,151,841,384,1342,27,217
10141,524,586,135,109,546,320,1000,11,99
10142,770,856,224,140,891,371,1364,37,225
10143,832,924,214,186,908,448,1469,34,253
10234,868,1014,190,171,1139,382,1680,51,151
10235,639,709,161,81,707,399,1161,70,117
10236,776,869,153,97,745,650,1452,58,135
10237,332,428,85,69,382,224,679,14,67
